CustomerID,Genre,Age,Annual Income (k$),Spending Score (1-100),Cluster,Persona
1,Male,19,15,39,1,Average Customers
2,Male,21,15,81,0,Young Enthusiasts
3,Female,20,16,6,1,Average Customers
4,Female,23,16,77,0,Young Enthusiasts
5,Female,31,17,40,1,Average Customers
6,Female,22,17,76,0,Young Enthusiasts
7,Female,35,18,6,2,Cautious Seniors
8,Female,23,18,94,0,Young Enthusiasts
9,Male,64,19,3,2,Cautious Seniors
10,Female,30,19,72,0,Young Enthusiasts
11,Male,67,19,14,2,Cautious Seniors
12,Female,35,19,99,0,Young Enthusiasts
13,Female,58,20,15,2,Cautious Seniors
14,Female,24,20,77,0,Young Enthusiasts
15,Male,37,20,13,2,Cautious Seniors
16,Male,22,20,79,0,Young Enthusiasts
17,Female,35,21,35,1,Average Customers
18,Male,20,21,66,0,Young Enthusiasts
19,Male,52,23,29,2,Cautious Seniors
20,Female,35,23,98,0,Young Enthusiasts
21,Male,35,24,35,1,Average Customers
22,Male,25,24,73,0,Young Enthusiasts
23,Female,46,25,5,2,Cautious Seniors
24,Male,31,25,73,0,Young Enthusiasts
25,Female,54,28,14,2,Cautious Seniors
26,Male,29,28,82,0,Young Enthusiasts
27,Female,45,28,32,1,Average Customers
28,Male,35,28,61,1,Average Customers
29,Female,40,29,31,1,Average Customers
30,Female,23,29,87,0,Young Enthusiasts
31,Male,60,30,4,2,Cautious Seniors
32,Female,21,30,73,0,Young Enthusiasts
33,Male,53,33,4,2,Cautious Seniors
34,Male,18,33,92,0,Young Enthusiasts
35,Female,49,33,14,2,Cautious Seniors
36,Female,21,33,81,0,Young Enthusiasts
37,Female,42,34,17,2,Cautious Seniors
38,Female,30,34,73,0,Young Enthusiasts
39,Female,36,37,26,1,Average Customers
40,Female,20,37,75,0,Young Enthusiasts
41,Female,65,38,35,2,Cautious Seniors
42,Male,24,38,92,0,Young Enthusiasts
43,Male,48,39,36,4,Affluent Conservatives
44,Female,31,39,61,0,Young Enthusiasts
45,Female,49,39,28,2,Cautious Seniors
46,Female,24,39,65,0,Young Enthusiasts
47,Female,50,40,55,1,Average Customers
48,Female,27,40,47,1,Average Customers
49,Female,29,40,42,1,Average Customers
50,Female,31,40,42,1,Average Customers
51,Female,49,42,52,1,Average Customers
52,Male,33,42,60,1,Average Customers
53,Female,31,43,54,1,Average Customers
54,Male,59,43,60,4,Affluent Conservatives
55,Female,50,43,45,1,Average Customers
56,Male,47,43,41,4,Affluent Conservatives
57,Female,51,44,50,1,Average Customers
58,Male,69,44,46,2,Cautious Seniors
59,Female,27,46,51,0,Young Enthusiasts
60,Male,53,46,46,4,Affluent Conservatives
61,Male,70,46,56,4,Affluent Conservatives
62,Male,19,46,55,3,High-Value Trendsetters
63,Female,67,47,52,2,Cautious Seniors
64,Female,54,47,59,1,Average Customers
65,Male,63,48,51,4,Affluent Conservatives
66,Male,18,48,59,3,High-Value Trendsetters
67,Female,43,48,50,1,Average Customers
68,Female,68,48,48,2,Cautious Seniors
69,Male,19,48,59,3,High-Value Trendsetters
70,Female,32,48,47,1,Average Customers
71,Male,70,49,55,4,Affluent Conservatives
72,Female,47,49,42,1,Average Customers
73,Female,60,50,49,2,Cautious Seniors
74,Female,60,50,56,1,Average Customers
75,Male,59,54,47,4,Affluent Conservatives
76,Male,26,54,54,3,High-Value Trendsetters
77,Female,45,54,53,1,Average Customers
78,Male,40,54,48,4,Affluent Conservatives
79,Female,23,54,52,0,Young Enthusiasts
80,Female,49,54,42,1,Average Customers
81,Male,57,54,51,4,Affluent Conservatives
82,Male,38,54,55,4,Affluent Conservatives
83,Male,67,54,41,4,Affluent Conservatives
84,Female,46,54,44,1,Average Customers
85,Female,21,54,57,0,Young Enthusiasts
86,Male,48,54,46,4,Affluent Conservatives
87,Female,55,57,58,1,Average Customers
88,Female,22,57,55,0,Young Enthusiasts
89,Female,34,58,60,0,Young Enthusiasts
90,Female,50,58,46,1,Average Customers
91,Female,68,59,55,2,Cautious Seniors
92,Male,18,59,41,3,High-Value Trendsetters
93,Male,48,60,49,4,Affluent Conservatives
94,Female,40,60,40,1,Average Customers
95,Female,32,60,42,1,Average Customers
96,Male,24,60,52,3,High-Value Trendsetters
97,Female,47,60,47,1,Average Customers
98,Female,27,60,50,0,Young Enthusiasts
99,Male,48,61,42,4,Affluent Conservatives
100,Male,20,61,49,3,High-Value Trendsetters
101,Female,23,62,41,0,Young Enthusiasts
102,Female,49,62,48,1,Average Customers
103,Male,67,62,59,4,Affluent Conservatives
104,Male,26,62,55,3,High-Value Trendsetters
105,Male,49,62,56,4,Affluent Conservatives
106,Female,21,62,42,0,Young Enthusiasts
107,Female,66,63,50,2,Cautious Seniors
108,Male,54,63,46,4,Affluent Conservatives
109,Male,68,63,43,4,Affluent Conservatives
110,Male,66,63,48,4,Affluent Conservatives
111,Male,65,63,52,4,Affluent Conservatives
112,Female,19,63,54,0,Young Enthusiasts
113,Female,38,64,42,1,Average Customers
114,Male,19,64,46,3,High-Value Trendsetters
115,Female,18,65,48,0,Young Enthusiasts
116,Female,19,65,50,0,Young Enthusiasts
117,Female,63,65,43,2,Cautious Seniors
118,Female,49,65,59,1,Average Customers
119,Female,51,67,43,1,Average Customers
120,Female,50,67,57,1,Average Customers
121,Male,27,67,56,3,High-Value Trendsetters
122,Female,38,67,40,1,Average Customers
123,Female,40,69,58,1,Average Customers
124,Male,39,69,91,3,High-Value Trendsetters
125,Female,23,70,29,1,Average Customers
126,Female,31,70,77,0,Young Enthusiasts
127,Male,43,71,35,4,Affluent Conservatives
128,Male,40,71,95,3,High-Value Trendsetters
129,Male,59,71,11,4,Affluent Conservatives
130,Male,38,71,75,3,High-Value Trendsetters
131,Male,47,71,9,4,Affluent Conservatives
132,Male,39,71,75,3,High-Value Trendsetters
133,Female,25,72,34,1,Average Customers
134,Female,31,72,71,0,Young Enthusiasts
135,Male,20,73,5,4,Affluent Conservatives
136,Female,29,73,88,0,Young Enthusiasts
137,Female,44,73,7,2,Cautious Seniors
138,Male,32,73,73,3,High-Value Trendsetters
139,Male,19,74,10,4,Affluent Conservatives
140,Female,35,74,72,0,Young Enthusiasts
141,Female,57,75,5,2,Cautious Seniors
142,Male,32,75,93,3,High-Value Trendsetters
143,Female,28,76,40,1,Average Customers
144,Female,32,76,87,0,Young Enthusiasts
145,Male,25,77,12,4,Affluent Conservatives
146,Male,28,77,97,3,High-Value Trendsetters
147,Male,48,77,36,4,Affluent Conservatives
148,Female,32,77,74,0,Young Enthusiasts
149,Female,34,78,22,1,Average Customers
150,Male,34,78,90,3,High-Value Trendsetters
151,Male,43,78,17,4,Affluent Conservatives
152,Male,39,78,88,3,High-Value Trendsetters
153,Female,44,78,20,2,Cautious Seniors
154,Female,38,78,76,0,Young Enthusiasts
155,Female,47,78,16,2,Cautious Seniors
156,Female,27,78,89,0,Young Enthusiasts
157,Male,37,78,1,4,Affluent Conservatives
158,Female,30,78,78,0,Young Enthusiasts
159,Male,34,78,1,4,Affluent Conservatives
160,Female,30,78,73,0,Young Enthusiasts
161,Female,56,79,35,2,Cautious Seniors
162,Female,29,79,83,0,Young Enthusiasts
163,Male,19,81,5,4,Affluent Conservatives
164,Female,31,81,93,0,Young Enthusiasts
165,Male,50,85,26,4,Affluent Conservatives
166,Female,36,85,75,0,Young Enthusiasts
167,Male,42,86,20,4,Affluent Conservatives
168,Female,33,86,95,0,Young Enthusiasts
169,Female,36,87,27,1,Average Customers
170,Male,32,87,63,3,High-Value Trendsetters
171,Male,40,87,13,4,Affluent Conservatives
172,Male,28,87,75,3,High-Value Trendsetters
173,Male,36,87,10,4,Affluent Conservatives
174,Male,36,87,92,3,High-Value Trendsetters
175,Female,52,88,13,4,Affluent Conservatives
176,Female,30,88,86,0,Young Enthusiasts
177,Male,58,88,15,4,Affluent Conservatives
178,Male,27,88,69,3,High-Value Trendsetters
179,Male,59,93,14,4,Affluent Conservatives
180,Male,35,93,90,3,High-Value Trendsetters
181,Female,37,97,32,4,Affluent Conservatives
182,Female,32,97,86,3,High-Value Trendsetters
183,Male,46,98,15,4,Affluent Conservatives
184,Female,29,98,88,3,High-Value Trendsetters
185,Female,41,99,39,4,Affluent Conservatives
186,Male,30,99,97,3,High-Value Trendsetters
187,Female,54,101,24,4,Affluent Conservatives
188,Male,28,101,68,3,High-Value Trendsetters
189,Female,41,103,17,4,Affluent Conservatives
190,Female,36,103,85,3,High-Value Trendsetters
191,Female,34,103,23,4,Affluent Conservatives
192,Female,32,103,69,3,High-Value Trendsetters
193,Male,33,113,8,4,Affluent Conservatives
194,Female,38,113,91,3,High-Value Trendsetters
195,Female,47,120,16,4,Affluent Conservatives
196,Female,35,120,79,3,High-Value Trendsetters
197,Female,45,126,28,4,Affluent Conservatives
198,Male,32,126,74,3,High-Value Trendsetters
199,Male,32,137,18,4,Affluent Conservatives
200,Male,30,137,83,3,High-Value Trendsetters
